{
  "name": "Land_Block",
  "version": "0.1.3",
  "factorio_version": "0.17",
  "title": "Land Block",
  "author": "Phil535 (credit to Trainwreck & freebit75)",
  "homepage": "",
  "description": "Play Bobs&Angels (with ore patches) and Seablock (on land) side by side. Works with OARC.",
  "dependencies": [
    "base",
    "angelsbioprocessing",
    "angelsrefining",
    "angelspetrochem",
    "bobelectronics",
    "boblogistics",
    "KS_Power",
    "? A Sea Block Config",
    "? LandfillPainting",
    "? ScienceCostTweakerM",
    "? SpaceMod"
  ]
}
